Background,Background,Background,Background
A,Standard,PE1,Aliquot1
A,Standard,PE1,Aliquot2
A,Standard,PE1,Aliquot3
A,Standard,PE2,Aliquot1
A,Standard,PE2,Aliquot2
A,Standard,PE2,Aliquot3
A,Standard,PE3,Aliquot1
A,Standard,PE3,Aliquot2
A,Standard,PE3,Aliquot3
B,Standard,PE1,Aliquot1
B,Standard,PE1,Aliquot2
B,Standard,PE1,Aliquot3
B,Standard,PE2,Aliquot1
B,Standard,PE2,Aliquot2
B,Standard,PE2,Aliquot3
B,Standard,PE3,Aliquot1
B,Standard,PE3,Aliquot2
B,Standard,PE3,Aliquot3
C,Standard,PE1,Aliquot1
C,Standard,PE1,Aliquot2
C,Standard,PE1,Aliquot3
C,Standard,PE2,Aliquot1
C,Standard,PE2,Aliquot2
C,Standard,PE2,Aliquot3
C,Standard,PE3,Aliquot1
C,Standard,PE3,Aliquot2
C,Standard,PE3,Aliquot3
D,Standard,PE1,Aliquot1
D,Standard,PE1,Aliquot2
D,Standard,PE1,Aliquot3
D,Standard,PE2,Aliquot1
D,Standard,PE2,Aliquot2
D,Standard,PE2,Aliquot3
D,Standard,PE3,Aliquot1
D,Standard,PE3,Aliquot2
D,Standard,PE3,Aliquot3
E,Standard,PE1,Aliquot1
E,Standard,PE1,Aliquot2
E,Standard,PE1,Aliquot3
E,Standard,PE2,Aliquot1
E,Standard,PE2,Aliquot2
E,Standard,PE2,Aliquot3
E,Standard,PE3,Aliquot1
E,Standard,PE3,Aliquot2
E,Standard,PE3,Aliquot3
F,Standard,PE1,Aliquot1
F,Standard,PE1,Aliquot2
F,Standard,PE1,Aliquot3
F,Standard,PE2,Aliquot1
F,Standard,PE2,Aliquot2
F,Standard,PE2,Aliquot3
F,Standard,PE3,Aliquot1
F,Standard,PE3,Aliquot2
F,Standard,PE3,Aliquot3
G,Standard,PE1,Aliquot1
G,Standard,PE1,Aliquot2
G,Standard,PE1,Aliquot3
G,Standard,PE2,Aliquot1
G,Standard,PE2,Aliquot2
G,Standard,PE2,Aliquot3
G,Standard,PE3,Aliquot1
G,Standard,PE3,Aliquot2
G,Standard,PE3,Aliquot3
H,Standard,PE1,Aliquot1
H,Standard,PE1,Aliquot2
H,Standard,PE1,Aliquot3
H,Standard,PE2,Aliquot1
H,Standard,PE2,Aliquot2
H,Standard,PE2,Aliquot3
H,Standard,PE3,Aliquot1
H,Standard,PE3,Aliquot2
H,Standard,PE3,Aliquot3
I,Standard,PE1,Aliquot1
I,Standard,PE1,Aliquot2
I,Standard,PE1,Aliquot3
I,Standard,PE2,Aliquot1
I,Standard,PE2,Aliquot2
I,Standard,PE2,Aliquot3
I,Standard,PE3,Aliquot1
I,Standard,PE3,Aliquot2
I,Standard,PE3,Aliquot3
J,Standard,PE1,Aliquot1
J,Standard,PE1,Aliquot2
J,Standard,PE1,Aliquot3
J,Standard,PE2,Aliquot1
J,Standard,PE2,Aliquot2
J,Standard,PE2,Aliquot3
J,Standard,PE3,Aliquot1
J,Standard,PE3,Aliquot2
J,Standard,PE3,Aliquot3
K,Standard,PE1,Aliquot1
K,Standard,PE1,Aliquot2
K,Standard,PE1,Aliquot3
K,Standard,PE2,Aliquot1
K,Standard,PE2,Aliquot2
K,Standard,PE2,Aliquot3
K,Standard,PE3,Aliquot1
K,Standard,PE3,Aliquot2
K,Standard,PE3,Aliquot3
L,Standard,PE1,Aliquot1
L,Standard,PE1,Aliquot2
L,Standard,PE1,Aliquot3
L,Standard,PE2,Aliquot1
L,Standard,PE2,Aliquot2
L,Standard,PE2,Aliquot3
L,Standard,PE3,Aliquot1
L,Standard,PE3,Aliquot2
L,Standard,PE3,Aliquot3
M,Standard,PE1,Aliquot1
M,Standard,PE1,Aliquot2
M,Standard,PE1,Aliquot3
M,Standard,PE2,Aliquot1
M,Standard,PE2,Aliquot2
M,Standard,PE2,Aliquot3
M,Standard,PE3,Aliquot1
M,Standard,PE3,Aliquot2
M,Standard,PE3,Aliquot3
N,Standard,PE1,Aliquot1
N,Standard,PE1,Aliquot2
N,Standard,PE1,Aliquot3
N,Standard,PE2,Aliquot1
N,Standard,PE2,Aliquot2
N,Standard,PE2,Aliquot3
N,Standard,PE3,Aliquot1
N,Standard,PE3,Aliquot2
N,Standard,PE3,Aliquot3
O,Standard,PE1,Aliquot1
O,Standard,PE1,Aliquot2
O,Standard,PE1,Aliquot3
O,Standard,PE2,Aliquot1
O,Standard,PE2,Aliquot2
O,Standard,PE2,Aliquot3
O,Standard,PE3,Aliquot1
O,Standard,PE3,Aliquot2
O,Standard,PE3,Aliquot3
A,Excreta,Urine,Day1
B,Excreta,Urine,Day1
C,Excreta,Urine,Day1
D,Excreta,Urine,Day1
E,Excreta,Urine,Day1
F,Excreta,Urine,Day1
G,Excreta,Urine,Day1
H,Excreta,Urine,Day1
I,Excreta,Urine,Day1
J,Excreta,Urine,Day1
K,Excreta,Urine,Day1
L,Excreta,Urine,Day1
M,Excreta,Urine,Day1
N,Excreta,Urine,Day1
O,Excreta,Urine,Day1
A,Excreta,Urine,Day2
B,Excreta,Urine,Day2
C,Excreta,Urine,Day2
D,Excreta,Urine,Day2
E,Excreta,Urine,Day2
F,Excreta,Urine,Day2
G,Excreta,Urine,Day2
H,Excreta,Urine,Day2
I,Excreta,Urine,Day2
J,Excreta,Urine,Day2
K,Excreta,Urine,Day2
L,Excreta,Urine,Day2
M,Excreta,Urine,Day2
N,Excreta,Urine,Day2
O,Excreta,Urine,Day2
A,Excreta,Feces,Day1
B,Excreta,Feces,Day1
C,Excreta,Feces,Day1
D,Excreta,Feces,Day1
E,Excreta,Feces,Day1
F,Excreta,Feces,Day1
G,Excreta,Feces,Day1
H,Excreta,Feces,Day1
I,Excreta,Feces,Day1
J,Excreta,Feces,Day1
K,Excreta,Feces,Day1
L,Excreta,Feces,Day1
M,Excreta,Feces,Day1
N,Excreta,Feces,Day1
O,Excreta,Feces,Day1
A,Excreta,Feces,Day2
B,Excreta,Feces,Day2
C,Excreta,Feces,Day2
D,Excreta,Feces,Day2
E,Excreta,Feces,Day2
F,Excreta,Feces,Day2
G,Excreta,Feces,Day2
H,Excreta,Feces,Day2
I,Excreta,Feces,Day2
J,Excreta,Feces,Day2
K,Excreta,Feces,Day2
L,Excreta,Feces,Day2
M,Excreta,Feces,Day2
N,Excreta,Feces,Day2
O,Excreta,Feces,Day2
Background,Background,Background,Background
A,Mouse,Organ,Thymus
A,Mouse,Organ,Thymus
A,Mouse,Organ,Thymus
A,Mouse,Organ,Thymus
B,Mouse,Organ,Thymus
B,Mouse,Organ,Thymus
B,Mouse,Organ,Thymus
B,Mouse,Organ,Thymus
C,Mouse,Organ,Thymus
C,Mouse,Organ,Thymus
C,Mouse,Organ,Thymus
C,Mouse,Organ,Thymus
D,Mouse,Organ,Thymus
D,Mouse,Organ,Thymus
D,Mouse,Organ,Thymus
D,Mouse,Organ,Thymus
E,Mouse,Organ,Thymus
E,Mouse,Organ,Thymus
E,Mouse,Organ,Thymus
E,Mouse,Organ,Thymus
A,Mouse,Organ,Heart
A,Mouse,Organ,Heart
A,Mouse,Organ,Heart
A,Mouse,Organ,Heart
B,Mouse,Organ,Heart
B,Mouse,Organ,Heart
B,Mouse,Organ,Heart
B,Mouse,Organ,Heart
C,Mouse,Organ,Heart
C,Mouse,Organ,Heart
C,Mouse,Organ,Heart
C,Mouse,Organ,Heart
D,Mouse,Organ,Heart
D,Mouse,Organ,Heart
D,Mouse,Organ,Heart
D,Mouse,Organ,Heart
E,Mouse,Organ,Heart
E,Mouse,Organ,Heart
E,Mouse,Organ,Heart
E,Mouse,Organ,Heart
A,Mouse,Organ,Lungs
A,Mouse,Organ,Lungs
A,Mouse,Organ,Lungs
A,Mouse,Organ,Lungs
B,Mouse,Organ,Lungs
B,Mouse,Organ,Lungs
B,Mouse,Organ,Lungs
B,Mouse,Organ,Lungs
C,Mouse,Organ,Lungs
C,Mouse,Organ,Lungs
C,Mouse,Organ,Lungs
C,Mouse,Organ,Lungs
D,Mouse,Organ,Lungs
D,Mouse,Organ,Lungs
D,Mouse,Organ,Lungs
D,Mouse,Organ,Lungs
E,Mouse,Organ,Lungs
E,Mouse,Organ,Lungs
E,Mouse,Organ,Lungs
E,Mouse,Organ,Lungs
A,Mouse,Organ,Kidneys
A,Mouse,Organ,Kidneys
A,Mouse,Organ,Kidneys
A,Mouse,Organ,Kidneys
B,Mouse,Organ,Kidneys
B,Mouse,Organ,Kidneys
B,Mouse,Organ,Kidneys
B,Mouse,Organ,Kidneys
C,Mouse,Organ,Kidneys
C,Mouse,Organ,Kidneys
C,Mouse,Organ,Kidneys
C,Mouse,Organ,Kidneys
D,Mouse,Organ,Kidneys
D,Mouse,Organ,Kidneys
D,Mouse,Organ,Kidneys
D,Mouse,Organ,Kidneys
E,Mouse,Organ,Kidneys
E,Mouse,Organ,Kidneys
E,Mouse,Organ,Kidneys
E,Mouse,Organ,Kidneys
A,Mouse,Organ,Spleen
A,Mouse,Organ,Spleen
A,Mouse,Organ,Spleen
A,Mouse,Organ,Spleen
B,Mouse,Organ,Spleen
B,Mouse,Organ,Spleen
B,Mouse,Organ,Spleen
B,Mouse,Organ,Spleen
C,Mouse,Organ,Spleen
C,Mouse,Organ,Spleen
C,Mouse,Organ,Spleen
C,Mouse,Organ,Spleen
D,Mouse,Organ,Spleen
D,Mouse,Organ,Spleen
D,Mouse,Organ,Spleen
D,Mouse,Organ,Spleen
E,Mouse,Organ,Spleen
E,Mouse,Organ,Spleen
E,Mouse,Organ,Spleen
E,Mouse,Organ,Spleen
A,Mouse,Organ,Liver
A,Mouse,Organ,Liver
A,Mouse,Organ,Liver
A,Mouse,Organ,Liver
B,Mouse,Organ,Liver
B,Mouse,Organ,Liver
B,Mouse,Organ,Liver
B,Mouse,Organ,Liver
C,Mouse,Organ,Liver
C,Mouse,Organ,Liver
C,Mouse,Organ,Liver
C,Mouse,Organ,Liver
D,Mouse,Organ,Liver
D,Mouse,Organ,Liver
D,Mouse,Organ,Liver
D,Mouse,Organ,Liver
E,Mouse,Organ,Liver
E,Mouse,Organ,Liver
E,Mouse,Organ,Liver
E,Mouse,Organ,Liver
A,Mouse,Organ,ART
A,Mouse,Organ,ART
A,Mouse,Organ,ART
A,Mouse,Organ,ART
B,Mouse,Organ,ART
B,Mouse,Organ,ART
B,Mouse,Organ,ART
B,Mouse,Organ,ART
C,Mouse,Organ,ART
C,Mouse,Organ,ART
C,Mouse,Organ,ART
C,Mouse,Organ,ART
D,Mouse,Organ,ART
D,Mouse,Organ,ART
D,Mouse,Organ,ART
D,Mouse,Organ,ART
E,Mouse,Organ,ART
E,Mouse,Organ,ART
E,Mouse,Organ,ART
E,Mouse,Organ,ART
A,Mouse,Organ,Soft
A,Mouse,Organ,Soft
A,Mouse,Organ,Soft
A,Mouse,Organ,Soft
B,Mouse,Organ,Soft
B,Mouse,Organ,Soft
B,Mouse,Organ,Soft
B,Mouse,Organ,Soft
C,Mouse,Organ,Soft
C,Mouse,Organ,Soft
C,Mouse,Organ,Soft
C,Mouse,Organ,Soft
D,Mouse,Organ,Soft
D,Mouse,Organ,Soft
D,Mouse,Organ,Soft
D,Mouse,Organ,Soft
E,Mouse,Organ,Soft
E,Mouse,Organ,Soft
E,Mouse,Organ,Soft
E,Mouse,Organ,Soft
A,Mouse,Organ,Skel
A,Mouse,Organ,Skel
A,Mouse,Organ,Skel
A,Mouse,Organ,Skel
B,Mouse,Organ,Skel
B,Mouse,Organ,Skel
B,Mouse,Organ,Skel
B,Mouse,Organ,Skel
C,Mouse,Organ,Skel
C,Mouse,Organ,Skel
C,Mouse,Organ,Skel
C,Mouse,Organ,Skel
D,Mouse,Organ,Skel
D,Mouse,Organ,Skel
D,Mouse,Organ,Skel
D,Mouse,Organ,Skel
E,Mouse,Organ,Skel
E,Mouse,Organ,Skel
E,Mouse,Organ,Skel
E,Mouse,Organ,Skel
Background,Background,Background,Background
F,Mouse,Organ,Thymus
F,Mouse,Organ,Thymus
F,Mouse,Organ,Thymus
F,Mouse,Organ,Thymus
G,Mouse,Organ,Thymus
G,Mouse,Organ,Thymus
G,Mouse,Organ,Thymus
G,Mouse,Organ,Thymus
H,Mouse,Organ,Thymus
H,Mouse,Organ,Thymus
H,Mouse,Organ,Thymus
H,Mouse,Organ,Thymus
I,Mouse,Organ,Thymus
I,Mouse,Organ,Thymus
I,Mouse,Organ,Thymus
I,Mouse,Organ,Thymus
J,Mouse,Organ,Thymus
J,Mouse,Organ,Thymus
J,Mouse,Organ,Thymus
J,Mouse,Organ,Thymus
F,Mouse,Organ,Heart
F,Mouse,Organ,Heart
F,Mouse,Organ,Heart
F,Mouse,Organ,Heart
G,Mouse,Organ,Heart
G,Mouse,Organ,Heart
G,Mouse,Organ,Heart
G,Mouse,Organ,Heart
H,Mouse,Organ,Heart
H,Mouse,Organ,Heart
H,Mouse,Organ,Heart
H,Mouse,Organ,Heart
I,Mouse,Organ,Heart
I,Mouse,Organ,Heart
I,Mouse,Organ,Heart
I,Mouse,Organ,Heart
J,Mouse,Organ,Heart
J,Mouse,Organ,Heart
J,Mouse,Organ,Heart
J,Mouse,Organ,Heart
F,Mouse,Organ,Lungs
F,Mouse,Organ,Lungs
F,Mouse,Organ,Lungs
F,Mouse,Organ,Lungs
G,Mouse,Organ,Lungs
G,Mouse,Organ,Lungs
G,Mouse,Organ,Lungs
G,Mouse,Organ,Lungs
H,Mouse,Organ,Lungs
H,Mouse,Organ,Lungs
H,Mouse,Organ,Lungs
H,Mouse,Organ,Lungs
I,Mouse,Organ,Lungs
I,Mouse,Organ,Lungs
I,Mouse,Organ,Lungs
I,Mouse,Organ,Lungs
J,Mouse,Organ,Lungs
J,Mouse,Organ,Lungs
J,Mouse,Organ,Lungs
J,Mouse,Organ,Lungs
F,Mouse,Organ,Kidneys
F,Mouse,Organ,Kidneys
F,Mouse,Organ,Kidneys
F,Mouse,Organ,Kidneys
G,Mouse,Organ,Kidneys
G,Mouse,Organ,Kidneys
G,Mouse,Organ,Kidneys
G,Mouse,Organ,Kidneys
H,Mouse,Organ,Kidneys
H,Mouse,Organ,Kidneys
H,Mouse,Organ,Kidneys
H,Mouse,Organ,Kidneys
I,Mouse,Organ,Kidneys
I,Mouse,Organ,Kidneys
I,Mouse,Organ,Kidneys
I,Mouse,Organ,Kidneys
J,Mouse,Organ,Kidneys
J,Mouse,Organ,Kidneys
J,Mouse,Organ,Kidneys
J,Mouse,Organ,Kidneys
F,Mouse,Organ,Spleen
F,Mouse,Organ,Spleen
F,Mouse,Organ,Spleen
F,Mouse,Organ,Spleen
G,Mouse,Organ,Spleen
G,Mouse,Organ,Spleen
G,Mouse,Organ,Spleen
G,Mouse,Organ,Spleen
H,Mouse,Organ,Spleen
H,Mouse,Organ,Spleen
H,Mouse,Organ,Spleen
H,Mouse,Organ,Spleen
I,Mouse,Organ,Spleen
I,Mouse,Organ,Spleen
I,Mouse,Organ,Spleen
I,Mouse,Organ,Spleen
J,Mouse,Organ,Spleen
J,Mouse,Organ,Spleen
J,Mouse,Organ,Spleen
J,Mouse,Organ,Spleen
F,Mouse,Organ,Liver
F,Mouse,Organ,Liver
F,Mouse,Organ,Liver
F,Mouse,Organ,Liver
G,Mouse,Organ,Liver
G,Mouse,Organ,Liver
G,Mouse,Organ,Liver
G,Mouse,Organ,Liver
H,Mouse,Organ,Liver
H,Mouse,Organ,Liver
H,Mouse,Organ,Liver
H,Mouse,Organ,Liver
I,Mouse,Organ,Liver
I,Mouse,Organ,Liver
I,Mouse,Organ,Liver
I,Mouse,Organ,Liver
J,Mouse,Organ,Liver
J,Mouse,Organ,Liver
J,Mouse,Organ,Liver
J,Mouse,Organ,Liver
F,Mouse,Organ,ART
F,Mouse,Organ,ART
F,Mouse,Organ,ART
F,Mouse,Organ,ART
G,Mouse,Organ,ART
G,Mouse,Organ,ART
G,Mouse,Organ,ART
G,Mouse,Organ,ART
H,Mouse,Organ,ART
H,Mouse,Organ,ART
H,Mouse,Organ,ART
H,Mouse,Organ,ART
I,Mouse,Organ,ART
I,Mouse,Organ,ART
I,Mouse,Organ,ART
I,Mouse,Organ,ART
J,Mouse,Organ,ART
J,Mouse,Organ,ART
J,Mouse,Organ,ART
J,Mouse,Organ,ART
F,Mouse,Organ,Soft
F,Mouse,Organ,Soft
F,Mouse,Organ,Soft
F,Mouse,Organ,Soft
G,Mouse,Organ,Soft
G,Mouse,Organ,Soft
G,Mouse,Organ,Soft
G,Mouse,Organ,Soft
H,Mouse,Organ,Soft
H,Mouse,Organ,Soft
H,Mouse,Organ,Soft
H,Mouse,Organ,Soft
I,Mouse,Organ,Soft
I,Mouse,Organ,Soft
I,Mouse,Organ,Soft
I,Mouse,Organ,Soft
J,Mouse,Organ,Soft
J,Mouse,Organ,Soft
J,Mouse,Organ,Soft
J,Mouse,Organ,Soft
F,Mouse,Organ,Skel
F,Mouse,Organ,Skel
F,Mouse,Organ,Skel
F,Mouse,Organ,Skel
G,Mouse,Organ,Skel
G,Mouse,Organ,Skel
G,Mouse,Organ,Skel
G,Mouse,Organ,Skel
H,Mouse,Organ,Skel
H,Mouse,Organ,Skel
H,Mouse,Organ,Skel
H,Mouse,Organ,Skel
I,Mouse,Organ,Skel
I,Mouse,Organ,Skel
I,Mouse,Organ,Skel
I,Mouse,Organ,Skel
J,Mouse,Organ,Skel
J,Mouse,Organ,Skel
J,Mouse,Organ,Skel
J,Mouse,Organ,Skel
Background,Background,Background,Background
K,Mouse,Organ,Thymus
K,Mouse,Organ,Thymus
K,Mouse,Organ,Thymus
K,Mouse,Organ,Thymus
L,Mouse,Organ,Thymus
L,Mouse,Organ,Thymus
L,Mouse,Organ,Thymus
L,Mouse,Organ,Thymus
M,Mouse,Organ,Thymus
M,Mouse,Organ,Thymus
M,Mouse,Organ,Thymus
M,Mouse,Organ,Thymus
N,Mouse,Organ,Thymus
N,Mouse,Organ,Thymus
N,Mouse,Organ,Thymus
N,Mouse,Organ,Thymus
O,Mouse,Organ,Thymus
O,Mouse,Organ,Thymus
O,Mouse,Organ,Thymus
O,Mouse,Organ,Thymus
K,Mouse,Organ,Heart
K,Mouse,Organ,Heart
K,Mouse,Organ,Heart
K,Mouse,Organ,Heart
L,Mouse,Organ,Heart
L,Mouse,Organ,Heart
L,Mouse,Organ,Heart
L,Mouse,Organ,Heart
M,Mouse,Organ,Heart
M,Mouse,Organ,Heart
M,Mouse,Organ,Heart
M,Mouse,Organ,Heart
N,Mouse,Organ,Heart
N,Mouse,Organ,Heart
N,Mouse,Organ,Heart
N,Mouse,Organ,Heart
O,Mouse,Organ,Heart
O,Mouse,Organ,Heart
O,Mouse,Organ,Heart
O,Mouse,Organ,Heart
K,Mouse,Organ,Lungs
K,Mouse,Organ,Lungs
K,Mouse,Organ,Lungs
K,Mouse,Organ,Lungs
L,Mouse,Organ,Lungs
L,Mouse,Organ,Lungs
L,Mouse,Organ,Lungs
L,Mouse,Organ,Lungs
M,Mouse,Organ,Lungs
M,Mouse,Organ,Lungs
M,Mouse,Organ,Lungs
M,Mouse,Organ,Lungs
N,Mouse,Organ,Lungs
N,Mouse,Organ,Lungs
N,Mouse,Organ,Lungs
N,Mouse,Organ,Lungs
O,Mouse,Organ,Lungs
O,Mouse,Organ,Lungs
O,Mouse,Organ,Lungs
O,Mouse,Organ,Lungs
K,Mouse,Organ,Kidneys
K,Mouse,Organ,Kidneys
K,Mouse,Organ,Kidneys
K,Mouse,Organ,Kidneys
L,Mouse,Organ,Kidneys
L,Mouse,Organ,Kidneys
L,Mouse,Organ,Kidneys
L,Mouse,Organ,Kidneys
M,Mouse,Organ,Kidneys
M,Mouse,Organ,Kidneys
M,Mouse,Organ,Kidneys
M,Mouse,Organ,Kidneys
N,Mouse,Organ,Kidneys
N,Mouse,Organ,Kidneys
N,Mouse,Organ,Kidneys
N,Mouse,Organ,Kidneys
O,Mouse,Organ,Kidneys
O,Mouse,Organ,Kidneys
O,Mouse,Organ,Kidneys
O,Mouse,Organ,Kidneys
K,Mouse,Organ,Spleen
K,Mouse,Organ,Spleen
K,Mouse,Organ,Spleen
K,Mouse,Organ,Spleen
L,Mouse,Organ,Spleen
L,Mouse,Organ,Spleen
L,Mouse,Organ,Spleen
L,Mouse,Organ,Spleen
M,Mouse,Organ,Spleen
M,Mouse,Organ,Spleen
M,Mouse,Organ,Spleen
M,Mouse,Organ,Spleen
N,Mouse,Organ,Spleen
N,Mouse,Organ,Spleen
N,Mouse,Organ,Spleen
N,Mouse,Organ,Spleen
O,Mouse,Organ,Spleen
O,Mouse,Organ,Spleen
O,Mouse,Organ,Spleen
O,Mouse,Organ,Spleen
K,Mouse,Organ,Liver
K,Mouse,Organ,Liver
K,Mouse,Organ,Liver
K,Mouse,Organ,Liver
L,Mouse,Organ,Liver
L,Mouse,Organ,Liver
L,Mouse,Organ,Liver
L,Mouse,Organ,Liver
M,Mouse,Organ,Liver
M,Mouse,Organ,Liver
M,Mouse,Organ,Liver
M,Mouse,Organ,Liver
N,Mouse,Organ,Liver
N,Mouse,Organ,Liver
N,Mouse,Organ,Liver
N,Mouse,Organ,Liver
O,Mouse,Organ,Liver
O,Mouse,Organ,Liver
O,Mouse,Organ,Liver
O,Mouse,Organ,Liver
K,Mouse,Organ,ART
K,Mouse,Organ,ART
K,Mouse,Organ,ART
K,Mouse,Organ,ART
L,Mouse,Organ,ART
L,Mouse,Organ,ART
L,Mouse,Organ,ART
L,Mouse,Organ,ART
M,Mouse,Organ,ART
M,Mouse,Organ,ART
M,Mouse,Organ,ART
M,Mouse,Organ,ART
N,Mouse,Organ,ART
N,Mouse,Organ,ART
N,Mouse,Organ,ART
N,Mouse,Organ,ART
O,Mouse,Organ,ART
O,Mouse,Organ,ART
O,Mouse,Organ,ART
O,Mouse,Organ,ART
K,Mouse,Organ,Soft
K,Mouse,Organ,Soft
K,Mouse,Organ,Soft
K,Mouse,Organ,Soft
L,Mouse,Organ,Soft
L,Mouse,Organ,Soft
L,Mouse,Organ,Soft
L,Mouse,Organ,Soft
M,Mouse,Organ,Soft
M,Mouse,Organ,Soft
M,Mouse,Organ,Soft
M,Mouse,Organ,Soft
N,Mouse,Organ,Soft
N,Mouse,Organ,Soft
N,Mouse,Organ,Soft
N,Mouse,Organ,Soft
O,Mouse,Organ,Soft
O,Mouse,Organ,Soft
O,Mouse,Organ,Soft
O,Mouse,Organ,Soft
K,Mouse,Organ,Skel
K,Mouse,Organ,Skel
K,Mouse,Organ,Skel
K,Mouse,Organ,Skel
L,Mouse,Organ,Skel
L,Mouse,Organ,Skel
L,Mouse,Organ,Skel
L,Mouse,Organ,Skel
M,Mouse,Organ,Skel
M,Mouse,Organ,Skel
M,Mouse,Organ,Skel
M,Mouse,Organ,Skel
N,Mouse,Organ,Skel
N,Mouse,Organ,Skel
N,Mouse,Organ,Skel
N,Mouse,Organ,Skel
O,Mouse,Organ,Skel
O,Mouse,Organ,Skel
O,Mouse,Organ,Skel
O,Mouse,Organ,Skel
